T_REC,_modelTyp,JianceType,NOAA_ARS,CV0_prob,CV1_prob,CV2_prob,CV3_prob,CV4_prob,CV5_prob,CV6_prob,CV7_prob,CV8_prob,CV9_prob,Nmbr,one,Class,noaaID,predictday
20230423,LLM_VIT,TSS,"13276,13279,13281,13283",0.55,0.514,0.754,0.564,0.645,0.693,0.61,0.745,0.63,0.764,13281,0.646,N,13283.0,20230424
20230425,LLM_VIT,TSS,"13285,13286",0.486,0.472,0.487,0.456,0.499,0.481,0.445,0.488,0.46,0.594,13285,0.486,C,13285.0,20230426
20230427,LLM_VIT,TSS,"13285,13286,13288",0.784,0.763,0.944,0.683,0.881,0.817,0.762,0.891,0.813,0.936,13285,0.827,C,13288.0,20230428
20230428,LLM_VIT,TSS,"13285,13286,13288",0.838,0.83,0.964,0.74,0.923,0.88,0.826,0.934,0.853,0.968,13285,0.875,C,13285.0,20230429
20230429,LLM_VIT,TSS,"13285,13286,13288",0.868,0.872,0.978,0.787,0.94,0.922,0.863,0.95,0.872,0.98,13285,0.903,C,13288.0,20230430
20230429,LLM_VIT,TSS,"13289,13292",0.646,0.616,0.802,0.577,0.716,0.721,0.625,0.803,0.666,0.787,13292,0.695,N,13292.0,20230430
20230430,LLM_VIT,TSS,"13285,13286,13288",0.906,0.912,0.993,0.842,0.969,0.96,0.924,0.983,0.93,0.991,13286,0.941,M,13288.0,20230501
20230430,LLM_VIT,TSS,"13289,13292",0.714,0.665,0.89,0.6,0.815,0.766,0.698,0.883,0.757,0.859,13289,0.764,C,13292.0,20230501
20230501,LLM_VIT,TSS,"13285,13286,13288",0.877,0.883,0.989,0.816,0.955,0.951,0.906,0.978,0.914,0.985,13288,0.925,C,13288.0,20230502
20230501,LLM_VIT,TSS,"13289,13292",0.599,0.531,0.739,0.501,0.678,0.619,0.58,0.756,0.639,0.726,13289,0.636,C,13289.0,20230502
20230502,LLM_VIT,TSS,"13289,13292",0.606,0.516,0.773,0.503,0.697,0.632,0.582,0.767,0.66,0.743,13289,0.647,N,13292.0,20230503
20230503,LLM_VIT,TSS,"13293,13296",0.95,0.944,0.998,0.891,0.988,0.98,0.961,0.996,0.978,0.995,13293,0.968,M,13296.0,20230504
20230504,LLM_VIT,TSS,"13289,13292,13295",0.519,0.422,0.716,0.44,0.616,0.596,0.519,0.73,0.583,0.659,13289,0.58,N,13295.0,20230505
20230504,LLM_VIT,TSS,"13293,13296",0.921,0.919,0.995,0.847,0.978,0.963,0.94,0.991,0.957,0.992,13293,0.95,M,13296.0,20230505
20230505,LLM_VIT,TSS,"13293,13296",0.747,0.733,0.909,0.648,0.862,0.799,0.751,0.889,0.777,0.916,13293,0.803,C,13296.0,20230506
20230506,LLM_VIT,TSS,"13293,13296",0.688,0.655,0.854,0.584,0.796,0.724,0.692,0.838,0.724,0.885,13296,0.744,M,13296.0,20230507
20230507,LLM_VIT,TSS,"13293,13296",0.643,0.591,0.78,0.558,0.72,0.662,0.613,0.737,0.664,0.832,13296,0.679,M,13296.0,20230508
20230508,LLM_VIT,TSS,"13293,13296",0.943,0.921,0.997,0.861,0.985,0.971,0.944,0.994,0.971,0.994,13293,0.958,M,13296.0,20230509
20230510,LLM_VIT,TSS,"13293,13296",0.993,0.992,0.999,0.971,0.999,0.998,0.997,0.999,0.998,0.999,13293,0.994,C,13296.0,20230511
20230516,LLM_VIT,TSS,"13301,13302,13305",0.451,0.4,0.398,0.427,0.454,0.428,0.415,0.37,0.412,0.588,13302,0.434,C,13305.0,20230517
20230517,LLM_VIT,TSS,"13301,13302,13305",0.489,0.437,0.504,0.465,0.524,0.497,0.479,0.478,0.482,0.677,13302,0.503,N,13305.0,20230518
20230518,LLM_VIT,TSS,"13301,13302,13305",0.539,0.521,0.604,0.529,0.577,0.604,0.549,0.582,0.536,0.712,13305,0.575,N,13305.0,20230519
20230519,LLM_VIT,TSS,"13301,13302,13305,13308",0.627,0.655,0.783,0.662,0.706,0.775,0.696,0.722,0.628,0.877,13302,0.713,C,13305.0,20230520
20230520,LLM_VIT,TSS,"13310,13312",0.8,0.841,0.974,0.792,0.922,0.934,0.868,0.952,0.84,0.974,13310,0.889,N,13312.0,20230521
20230521,LLM_VIT,TSS,"13310,13312",0.72,0.757,0.925,0.712,0.857,0.868,0.763,0.861,0.722,0.934,13312,0.811,M,13312.0,20230522
20230522,LLM_VIT,TSS,"13310,13312",0.792,0.81,0.962,0.75,0.915,0.899,0.815,0.909,0.795,0.962,13312,0.86,C,13312.0,20230523
20230522,LLM_VIT,TSS,"13311,13313,13314",0.701,0.73,0.833,0.697,0.784,0.804,0.738,0.743,0.669,0.94,13313,0.763,M,13311.0,20230523
20230523,LLM_VIT,TSS,"13310,13312",0.618,0.644,0.788,0.604,0.761,0.722,0.635,0.621,0.565,0.881,13312,0.683,C,13312.0,20230524
20230523,LLM_VIT,TSS,"13311,13313,13314",0.838,0.826,0.971,0.783,0.928,0.901,0.847,0.921,0.859,0.976,13311,0.885,M,13311.0,20230524
20230524,LLM_VIT,TSS,"13310,13312",0.548,0.553,0.664,0.536,0.677,0.613,0.534,0.468,0.47,0.803,13312,0.586,M,13312.0,20230525
20230524,LLM_VIT,TSS,"13311,13313,13314",0.785,0.788,0.935,0.719,0.901,0.855,0.821,0.883,0.801,0.965,13311,0.845,C,13311.0,20230525
20230525,LLM_VIT,TSS,"13310,13312",0.564,0.565,0.689,0.541,0.696,0.628,0.557,0.493,0.501,0.82,13312,0.605,C,13310.0,20230526
20230525,LLM_VIT,TSS,"13311,13313,13314",0.742,0.729,0.906,0.679,0.863,0.811,0.764,0.829,0.756,0.943,13314,0.802,C,13314.0,20230526
20230526,LLM_VIT,TSS,"13310,13312",0.587,0.58,0.762,0.57,0.72,0.675,0.593,0.597,0.557,0.843,13312,0.648,C,13312.0,20230527
20230526,LLM_VIT,TSS,"13311,13313,13314",0.617,0.605,0.768,0.594,0.735,0.698,0.646,0.669,0.623,0.856,13311,0.681,C,13314.0,20230527
20230527,LLM_VIT,TSS,"13310,13312",0.632,0.632,0.84,0.619,0.767,0.752,0.663,0.716,0.63,0.885,13310,0.713,N,13312.0,20230528
20230527,LLM_VIT,TSS,"13311,13313,13314",0.649,0.651,0.827,0.646,0.752,0.769,0.691,0.742,0.66,0.886,13313,0.727,C,13314.0,20230528
20230528,LLM_VIT,TSS,"13310,13312",0.61,0.627,0.834,0.616,0.749,0.765,0.652,0.726,0.601,0.846,13312,0.702,C,13310.0,20230529
20230528,LLM_VIT,TSS,"13311,13313,13314",0.701,0.711,0.913,0.709,0.821,0.851,0.781,0.872,0.757,0.93,13311,0.804,N,13314.0,20230529
20230606,LLM_VIT,TSS,"13320,13328",0.243,0.172,0.208,0.218,0.237,0.225,0.224,0.255,0.253,0.196,13320,0.223,N,13328.0,20230607
20230607,LLM_VIT,TSS,"13320,13328",0.32,0.242,0.294,0.269,0.284,0.303,0.258,0.357,0.311,0.241,13320,0.287,N,13328.0,20230608
20230608,LLM_VIT,TSS,"13326,13329,13330",0.451,0.416,0.481,0.431,0.513,0.471,0.452,0.469,0.448,0.609,13330,0.474,N,13330.0,20230609
20230609,LLM_VIT,TSS,"13326,13329,13330",0.394,0.351,0.344,0.379,0.423,0.384,0.377,0.34,0.363,0.504,13329,0.385,N,13330.0,20230610
20230610,LLM_VIT,TSS,"13326,13329,13330",0.407,0.364,0.359,0.385,0.425,0.401,0.383,0.357,0.369,0.513,13329,0.396,N,13330.0,20230611
20230611,LLM_VIT,TSS,"13326,13329,13330",0.499,0.446,0.559,0.464,0.544,0.533,0.487,0.545,0.491,0.622,13326,0.518,C,13330.0,20230612
20230616,LLM_VIT,TSS,"13335,13336",0.681,0.69,0.855,0.694,0.769,0.806,0.739,0.794,0.703,0.907,13336,0.763,C,13335.0,20230617
20230617,LLM_VIT,TSS,"13335,13336",0.599,0.595,0.712,0.599,0.687,0.692,0.638,0.634,0.589,0.838,13336,0.658,M,13336.0,20230618
20230617,LLM_VIT,TSS,"13337,13338",0.474,0.433,0.527,0.439,0.483,0.489,0.414,0.559,0.487,0.531,13338,0.483,N,13338.0,20230618
20230618,LLM_VIT,TSS,"13335,13336",0.576,0.545,0.689,0.556,0.679,0.639,0.603,0.588,0.573,0.809,13335,0.625,C,13335.0,20230619
20230618,LLM_VIT,TSS,"13337,13338",0.455,0.402,0.484,0.428,0.453,0.481,0.408,0.51,0.45,0.479,13338,0.454,C,13337.0,20230619
20230619,LLM_VIT,TSS,"13335,13336",0.628,0.579,0.819,0.581,0.785,0.693,0.683,0.721,0.677,0.875,13336,0.704,N,13336.0,20230620
20230619,LLM_VIT,TSS,"13337,13338",0.425,0.354,0.425,0.373,0.429,0.428,0.367,0.46,0.409,0.437,13337,0.41,N,13338.0,20230620
20230620,LLM_VIT,TSS,"13335,13336",0.598,0.542,0.758,0.55,0.753,0.646,0.643,0.664,0.632,0.835,13335,0.662,C,13336.0,20230621
20230620,LLM_VIT,TSS,"13337,13338",0.343,0.256,0.323,0.293,0.368,0.322,0.305,0.37,0.341,0.327,13338,0.324,M,13337.0,20230621
20230621,LLM_VIT,TSS,"13335,13336",0.644,0.606,0.829,0.602,0.79,0.716,0.694,0.742,0.688,0.879,13335,0.719,N,13336.0,20230622
20230621,LLM_VIT,TSS,"13337,13338",0.432,0.338,0.454,0.358,0.446,0.397,0.336,0.446,0.427,0.386,13338,0.401,C,13337.0,20230622
20230622,LLM_VIT,TSS,"13334,13337,13338,13343",0.668,0.591,0.841,0.553,0.78,0.712,0.651,0.839,0.722,0.829,13338,0.718,C,13337.0,20230623
20230622,LLM_VIT,TSS,"13335,13336",0.647,0.63,0.842,0.633,0.778,0.759,0.699,0.748,0.677,0.884,13335,0.729,C,13335.0,20230623
20230623,LLM_VIT,TSS,"13334,13337,13338,13343",0.571,0.533,0.716,0.543,0.656,0.669,0.615,0.725,0.614,0.77,13338,0.641,C,13337.0,20230624
20230623,LLM_VIT,TSS,"13335,13336",0.729,0.725,0.937,0.719,0.861,0.866,0.801,0.894,0.792,0.942,13335,0.826,C,13335.0,20230624
20230624,LLM_VIT,TSS,"13334,13337,13338,13343",0.565,0.537,0.701,0.572,0.62,0.686,0.595,0.696,0.586,0.749,13338,0.63,C,13337.0,20230625
20230626,LLM_VIT,TSS,"13339,13353",0.408,0.342,0.424,0.371,0.394,0.423,0.354,0.47,0.413,0.387,13339,0.398,N,13353.0,20230627
20230628,LLM_VIT,TSS,"13351,13354",0.918,0.919,0.994,0.844,0.976,0.956,0.925,0.983,0.941,0.993,13354,0.944,M,13351.0,20230629
20230629,LLM_VIT,TSS,"13351,13354",0.959,0.958,0.999,0.903,0.994,0.985,0.966,0.996,0.977,0.998,13354,0.973,C,13354.0,20230630
20230630,LLM_VIT,TSS,"13351,13354",0.978,0.979,0.999,0.939,0.997,0.994,0.987,0.999,0.991,0.999,13354,0.986,C,13354.0,20230701
20230701,LLM_VIT,TSS,"13351,13354",0.986,0.987,0.999,0.963,0.998,0.997,0.993,0.999,0.995,0.999,13354,0.991,X,13354.0,20230702
20230702,LLM_VIT,TSS,"13351,13354",0.973,0.981,0.999,0.954,0.997,0.996,0.99,0.999,0.989,0.999,13354,0.987,C,13354.0,20230703
20230703,LLM_VIT,TSS,"13356,13357",0.385,0.318,0.323,0.331,0.355,0.333,0.319,0.376,0.37,0.386,13356,0.349,N,13357.0,20230704
20230703,LLM_VIT,TSS,"13358,13359",0.956,0.956,0.998,0.911,0.992,0.988,0.978,0.997,0.981,0.998,13359,0.975,C,13359.0,20230704
20230704,LLM_VIT,TSS,"13356,13357",0.292,0.214,0.221,0.249,0.275,0.254,0.249,0.276,0.281,0.237,13357,0.254,N,13357.0,20230705
20230704,LLM_VIT,TSS,"13358,13359",0.802,0.777,0.954,0.734,0.92,0.882,0.852,0.931,0.846,0.97,13359,0.866,C,13359.0,20230705
20230705,LLM_VIT,TSS,"13356,13357",0.293,0.215,0.245,0.251,0.279,0.269,0.247,0.297,0.287,0.237,13357,0.262,N,13357.0,20230706
20230705,LLM_VIT,TSS,"13358,13359",0.751,0.687,0.917,0.65,0.878,0.8,0.761,0.872,0.786,0.928,13359,0.803,C,13359.0,20230706
20230706,LLM_VIT,TSS,"13356,13357",0.299,0.218,0.273,0.263,0.287,0.293,0.252,0.321,0.29,0.241,13357,0.273,N,13357.0,20230707
20230706,LLM_VIT,TSS,"13358,13359",0.655,0.58,0.81,0.557,0.795,0.678,0.663,0.764,0.69,0.849,13358,0.704,M,13359.0,20230707
20230707,LLM_VIT,TSS,"13358,13359",0.582,0.516,0.677,0.521,0.69,0.605,0.584,0.607,0.594,0.772,13358,0.614,C,13359.0,20230708
20230708,LLM_VIT,TSS,"13358,13359,13366",0.637,0.586,0.782,0.587,0.754,0.705,0.665,0.718,0.652,0.86,13359,0.694,C,13366.0,20230709
20230709,LLM_VIT,TSS,"13358,13359,13366",0.761,0.754,0.93,0.734,0.863,0.872,0.803,0.886,0.797,0.949,13366,0.834,M,13358.0,20230710
20230710,LLM_VIT,TSS,"13358,13359,13366,13368,13369",0.883,0.902,0.989,0.868,0.959,0.966,0.936,0.98,0.921,0.992,13366,0.939,M,13368.0,20230711
20230713,LLM_VIT,TSS,"13370,13371",0.435,0.362,0.521,0.406,0.466,0.486,0.415,0.539,0.456,0.494,13371,0.458,C,13370.0,20230714
20230714,LLM_VIT,TSS,"13370,13371",0.375,0.293,0.403,0.34,0.4,0.39,0.345,0.424,0.386,0.392,13370,0.374,N,13371.0,20230715
20230715,LLM_VIT,TSS,"13370,13371",0.33,0.253,0.302,0.293,0.338,0.317,0.293,0.333,0.326,0.305,13371,0.309,N,13371.0,20230716
20230716,LLM_VIT,TSS,"13370,13371",0.209,0.137,0.153,0.19,0.227,0.194,0.2,0.181,0.198,0.176,13371,0.186,N,13371.0,20230717
20230717,LLM_VIT,TSS,"13370,13371",0.191,0.124,0.154,0.173,0.206,0.177,0.186,0.166,0.181,0.163,13371,0.172,N,13371.0,20230718
20230718,LLM_VIT,TSS,"13370,13371",0.251,0.183,0.234,0.221,0.262,0.259,0.233,0.26,0.25,0.223,13371,0.237,N,13371.0,20230719
20230721,LLM_VIT,TSS,"13374,13378",0.352,0.28,0.285,0.31,0.318,0.316,0.287,0.345,0.336,0.294,13378,0.312,N,13378.0,20230722
20230724,LLM_VIT,TSS,"13374,13378",0.466,0.403,0.536,0.424,0.465,0.514,0.412,0.577,0.475,0.482,13378,0.475,N,13378.0,20230725
20230817,LLM_VIT,TSS,"13403,13409",0.695,0.652,0.88,0.62,0.822,0.764,0.724,0.833,0.739,0.898,13403,0.762,C,13409.0,20230818
20230817,LLM_VIT,TSS,"13407,13408",0.437,0.412,0.404,0.396,0.437,0.385,0.401,0.424,0.423,0.498,13407,0.421,N,13408.0,20230818
20230818,LLM_VIT,TSS,"13403,13409",0.685,0.646,0.876,0.626,0.806,0.77,0.711,0.836,0.738,0.889,13403,0.758,C,13409.0,20230819
20230818,LLM_VIT,TSS,"13407,13408",0.442,0.412,0.422,0.396,0.445,0.387,0.401,0.453,0.444,0.484,13407,0.428,N,13408.0,20230819
20230819,LLM_VIT,TSS,"13403,13409",0.718,0.677,0.917,0.653,0.835,0.815,0.74,0.893,0.782,0.9,13409,0.793,C,13409.0,20230820
20230819,LLM_VIT,TSS,"13405,13411",0.379,0.337,0.335,0.352,0.407,0.343,0.347,0.354,0.365,0.42,13405,0.363,N,13411.0,20230820
20230819,LLM_VIT,TSS,"13407,13408",0.595,0.552,0.702,0.503,0.626,0.558,0.531,0.688,0.62,0.677,13407,0.605,C,13407.0,20230820
20230820,LLM_VIT,TSS,"13405,13411",0.329,0.285,0.252,0.303,0.353,0.262,0.293,0.254,0.302,0.323,13411,0.295,N,13411.0,20230821
20230820,LLM_VIT,TSS,"13407,13408",0.644,0.603,0.785,0.533,0.701,0.641,0.604,0.795,0.681,0.763,13407,0.675,N,13408.0,20230821
20230821,LLM_VIT,TSS,"13405,13411",0.33,0.283,0.253,0.298,0.356,0.256,0.294,0.247,0.297,0.324,13411,0.293,M,13405.0,20230822
20230821,LLM_VIT,TSS,"13407,13408",0.599,0.537,0.752,0.5,0.641,0.625,0.542,0.771,0.639,0.659,13407,0.626,N,13408.0,20230822
20230822,LLM_VIT,TSS,"13405,13411",0.422,0.389,0.377,0.377,0.431,0.365,0.365,0.367,0.392,0.438,13411,0.392,C,13405.0,20230823
20230823,LLM_VIT,TSS,"13405,13411",0.458,0.417,0.464,0.419,0.462,0.442,0.404,0.447,0.438,0.519,13405,0.447,C,13405.0,20230824
20230904,LLM_VIT,TSS,"13418,13421",0.452,0.403,0.397,0.404,0.422,0.413,0.369,0.424,0.428,0.5,13418,0.421,M,13421.0,20230905
20230905,LLM_VIT,TSS,"13418,13421,13422",0.484,0.421,0.458,0.426,0.485,0.44,0.423,0.455,0.465,0.568,13421,0.462,C,13421.0,20230906
20230906,LLM_VIT,TSS,"13418,13421,13422",0.524,0.475,0.525,0.47,0.537,0.495,0.476,0.517,0.511,0.656,13418,0.518,C,13421.0,20230907
20230907,LLM_VIT,TSS,"13418,13421,13422",0.51,0.473,0.502,0.487,0.515,0.526,0.488,0.482,0.476,0.69,13418,0.514,C,13421.0,20230908
20230908,LLM_VIT,TSS,"13418,13421,13422",0.487,0.468,0.527,0.505,0.512,0.57,0.512,0.516,0.476,0.666,13421,0.523,C,13421.0,20230909
20230908,LLM_VIT,TSS,"13424,13425",0.574,0.536,0.734,0.551,0.636,0.665,0.595,0.733,0.624,0.736,13425,0.638,C,13425.0,20230909
20230909,LLM_VIT,TSS,"13424,13425",0.566,0.498,0.726,0.513,0.65,0.626,0.574,0.714,0.613,0.723,13425,0.62,C,13425.0,20230910
20230910,LLM_VIT,TSS,"13424,13425",0.61,0.536,0.782,0.513,0.71,0.646,0.609,0.779,0.667,0.768,13425,0.661,C,13425.0,20230911
20230911,LLM_VIT,TSS,"13424,13425",0.448,0.391,0.388,0.395,0.456,0.412,0.412,0.453,0.44,0.493,13425,0.428,M,13425.0,20230912
20230916,LLM_VIT,TSS,"13429,13434",0.723,0.655,0.891,0.594,0.792,0.727,0.69,0.881,0.787,0.862,13429,0.76,N,13434.0,20230917
20230918,LLM_VIT,TSS,"13429,13434",0.409,0.348,0.395,0.376,0.389,0.423,0.354,0.447,0.399,0.403,13429,0.394,C,13429.0,20230919
20230919,LLM_VIT,TSS,"13435,13438",0.95,0.941,0.998,0.883,0.989,0.981,0.957,0.996,0.975,0.995,13435,0.966,M,13435.0,20230920
20230920,LLM_VIT,TSS,"13435,13438",0.95,0.944,0.998,0.875,0.99,0.979,0.962,0.997,0.978,0.996,13438,0.966,M,13435.0,20230921
20230921,LLM_VIT,TSS,"13435,13438",0.938,0.922,0.997,0.849,0.986,0.966,0.945,0.994,0.971,0.993,13438,0.956,M,13435.0,20230922
20230922,LLM_VIT,TSS,"13435,13438",0.848,0.824,0.98,0.721,0.948,0.886,0.863,0.969,0.907,0.967,13435,0.891,N,13438.0,20230923
20230923,LLM_VIT,TSS,"13435,13438",0.85,0.82,0.979,0.716,0.947,0.886,0.855,0.967,0.902,0.964,13438,0.888,C,13438.0,20230924
20230923,LLM_VIT,TSS,"13440,13444",0.319,0.267,0.284,0.277,0.322,0.281,0.279,0.334,0.326,0.304,13440,0.299,N,13444.0,20230924
20230923,LLM_VIT,TSS,"13442,13445",0.57,0.547,0.609,0.527,0.588,0.597,0.551,0.605,0.556,0.71,13442,0.586,M,13445.0,20230924
20230924,LLM_VIT,TSS,"13435,13438",0.886,0.861,0.988,0.771,0.961,0.925,0.884,0.978,0.922,0.978,13438,0.915,C,13435.0,20230925
20230924,LLM_VIT,TSS,"13440,13444",0.296,0.233,0.22,0.259,0.285,0.241,0.255,0.281,0.288,0.263,13440,0.262,C,13444.0,20230925
20230924,LLM_VIT,TSS,"13442,13445",0.574,0.547,0.587,0.538,0.577,0.577,0.54,0.538,0.542,0.767,13442,0.578,C,13445.0,20230925
20230925,LLM_VIT,TSS,"13435,13438",0.928,0.913,0.996,0.834,0.981,0.965,0.937,0.993,0.96,0.992,13435,0.949,C,13438.0,20230926
20230925,LLM_VIT,TSS,"13440,13444",0.272,0.205,0.185,0.235,0.245,0.214,0.234,0.249,0.257,0.231,13440,0.232,N,13444.0,20230926
20230925,LLM_VIT,TSS,"13442,13445",0.519,0.463,0.498,0.468,0.527,0.5,0.474,0.461,0.475,0.686,13445,0.507,C,13445.0,20230926
20230926,LLM_VIT,TSS,"13435,13438",0.894,0.877,0.992,0.801,0.967,0.951,0.916,0.989,0.94,0.986,13435,0.931,N,13438.0,20230927
20230926,LLM_VIT,TSS,"13440,13444",0.336,0.271,0.259,0.285,0.288,0.286,0.263,0.331,0.316,0.278,13440,0.291,N,13444.0,20230927
20230926,LLM_VIT,TSS,"13442,13445",0.636,0.572,0.77,0.561,0.712,0.658,0.613,0.703,0.663,0.806,13445,0.669,N,13445.0,20230927
20230927,LLM_VIT,TSS,"13440,13444",0.337,0.261,0.289,0.295,0.295,0.313,0.271,0.36,0.328,0.252,13440,0.3,C,13444.0,20230928
20230927,LLM_VIT,TSS,"13442,13445",0.643,0.589,0.821,0.581,0.759,0.702,0.677,0.792,0.711,0.846,13445,0.712,C,13445.0,20230928
20230928,LLM_VIT,TSS,"13440,13444",0.328,0.246,0.321,0.29,0.294,0.332,0.262,0.375,0.328,0.242,13440,0.301,N,13444.0,20230929
20230928,LLM_VIT,TSS,"13442,13445",0.557,0.504,0.722,0.529,0.644,0.645,0.58,0.695,0.607,0.73,13445,0.621,C,13445.0,20230929
20230929,LLM_VIT,TSS,"13448,13449",0.327,0.26,0.225,0.295,0.3,0.273,0.271,0.298,0.303,0.331,13449,0.288,N,13449.0,20230930
20230930,LLM_VIT,TSS,"13448,13449",0.339,0.285,0.259,0.341,0.379,0.324,0.329,0.246,0.305,0.381,13448,0.318,C,13449.0,20231001
20231001,LLM_VIT,TSS,"13448,13449",0.363,0.293,0.28,0.34,0.412,0.321,0.332,0.263,0.328,0.386,13449,0.331,C,13449.0,20231002
20231002,LLM_VIT,TSS,"13448,13449,13453",0.466,0.364,0.506,0.398,0.563,0.433,0.418,0.427,0.457,0.538,13448,0.457,N,13453.0,20231003
20231002,LLM_VIT,TSS,"13451,13452",0.546,0.519,0.612,0.52,0.561,0.579,0.528,0.61,0.55,0.711,13451,0.573,C,13452.0,20231003
20231003,LLM_VIT,TSS,"13448,13449,13453",0.588,0.493,0.757,0.49,0.727,0.614,0.58,0.705,0.63,0.755,13449,0.633,C,13453.0,20231004
20231003,LLM_VIT,TSS,"13451,13452",0.649,0.597,0.796,0.57,0.712,0.677,0.622,0.769,0.677,0.83,13452,0.689,C,13452.0,20231004
20231005,LLM_VIT,TSS,"13448,13449,13453",0.532,0.467,0.707,0.507,0.646,0.631,0.573,0.689,0.589,0.725,13453,0.606,N,13453.0,20231006
20231005,LLM_VIT,TSS,"13450,13456",0.387,0.314,0.397,0.375,0.417,0.415,0.386,0.411,0.399,0.45,13456,0.395,C,13450.0,20231006
20231005,LLM_VIT,TSS,"13451,13452,13455",0.596,0.515,0.743,0.529,0.722,0.603,0.608,0.657,0.644,0.802,13452,0.641,C,13452.0,20231006
20231006,LLM_VIT,TSS,"13448,13449,13453",0.544,0.491,0.755,0.531,0.645,0.681,0.585,0.753,0.615,0.733,13453,0.633,N,13453.0,20231007
20231006,LLM_VIT,TSS,"13450,13456",0.401,0.332,0.437,0.388,0.416,0.459,0.377,0.463,0.404,0.449,13450,0.412,C,13450.0,20231007
20231006,LLM_VIT,TSS,"13451,13452,13455,13458",0.581,0.504,0.681,0.506,0.714,0.579,0.593,0.621,0.607,0.79,13452,0.617,C,13452.0,20231007
20231007,LLM_VIT,TSS,"13451,13452,13455,13458",0.646,0.594,0.788,0.587,0.776,0.685,0.673,0.714,0.681,0.867,13458,0.701,C,13451.0,20231008
20231008,LLM_VIT,TSS,"13451,13452,13455,13458",0.841,0.819,0.978,0.781,0.944,0.918,0.883,0.954,0.892,0.98,13458,0.899,C,13451.0,20231009
20231010,LLM_VIT,TSS,"13457,13460",0.73,0.684,0.891,0.607,0.804,0.745,0.7,0.879,0.784,0.874,13460,0.769,C,13460.0,20231011
20231010,LLM_VIT,TSS,"13459,13461",0.263,0.186,0.217,0.225,0.233,0.242,0.211,0.277,0.256,0.173,13461,0.228,N,13461.0,20231011
20231012,LLM_VIT,TSS,"13457,13460",0.429,0.374,0.381,0.377,0.399,0.39,0.36,0.447,0.42,0.443,13460,0.401,C,13460.0,20231013
20231012,LLM_VIT,TSS,"13459,13461,13466",0.322,0.24,0.271,0.273,0.29,0.281,0.253,0.328,0.316,0.229,13461,0.28,C,13466.0,20231013
20231013,LLM_VIT,TSS,"13457,13460",0.434,0.377,0.43,0.394,0.404,0.426,0.367,0.476,0.432,0.457,13460,0.419,C,13460.0,20231014
20231013,LLM_VIT,TSS,"13459,13461,13466",0.334,0.254,0.295,0.285,0.304,0.307,0.269,0.362,0.328,0.254,13466,0.299,N,13466.0,20231014
20231014,LLM_VIT,TSS,"13457,13460",0.43,0.368,0.451,0.392,0.406,0.44,0.361,0.492,0.432,0.389,13460,0.416,N,13460.0,20231015
20231014,LLM_VIT,TSS,"13459,13461,13466",0.319,0.24,0.292,0.275,0.297,0.306,0.271,0.346,0.321,0.254,13466,0.292,N,13466.0,20231015
20231015,LLM_VIT,TSS,"13459,13461,13466",0.397,0.319,0.409,0.346,0.365,0.402,0.316,0.462,0.395,0.325,13466,0.373,N,13466.0,20231016
20231109,LLM_VIT,TSS,"13477,13480,13484",0.402,0.316,0.385,0.365,0.48,0.375,0.392,0.368,0.392,0.479,13480,0.395,C,13477.0,20231110
20231110,LLM_VIT,TSS,"13477,13480,13484",0.527,0.483,0.635,0.51,0.642,0.585,0.554,0.538,0.534,0.731,13480,0.573,M,13477.0,20231111
20231111,LLM_VIT,TSS,"13477,13480,13484,13485",0.601,0.585,0.78,0.616,0.719,0.731,0.685,0.718,0.643,0.853,13484,0.693,C,13484.0,20231112
20231121,LLM_VIT,TSS,"13490,13491,13492,13495,13497",0.825,0.876,0.979,0.867,0.929,0.957,0.92,0.952,0.864,0.99,13491,0.915,C,13492.0,20231122
20231122,LLM_VIT,TSS,"13490,13491,13492,13495,13497",0.855,0.899,0.982,0.89,0.943,0.964,0.932,0.943,0.881,0.994,13491,0.928,M,13490.0,20231123
20231122,LLM_VIT,TSS,"13493,13494",0.612,0.569,0.821,0.558,0.693,0.707,0.606,0.818,0.676,0.748,13494,0.68,M,13494.0,20231123
20231123,LLM_VIT,TSS,"13490,13491,13492,13495,13497",0.796,0.829,0.96,0.813,0.927,0.92,0.888,0.89,0.827,0.988,13490,0.883,C,13495.0,20231124
20231123,LLM_VIT,TSS,"13493,13494",0.574,0.531,0.742,0.521,0.646,0.645,0.573,0.748,0.621,0.703,13493,0.63,C,13494.0,20231124
20231124,LLM_VIT,TSS,"13490,13491,13492,13495,13497",0.73,0.72,0.93,0.716,0.908,0.843,0.813,0.817,0.766,0.968,13491,0.821,C,13490.0,20231125
20231124,LLM_VIT,TSS,"13493,13494",0.526,0.46,0.669,0.462,0.605,0.562,0.516,0.661,0.562,0.636,13493,0.565,N,13494.0,20231125
20231125,LLM_VIT,TSS,"13489,13499",0.403,0.332,0.367,0.368,0.397,0.397,0.365,0.393,0.384,0.413,13489,0.381,C,13499.0,20231126
20231125,LLM_VIT,TSS,"13490,13491,13492,13495,13497,13502",0.604,0.576,0.798,0.566,0.842,0.689,0.715,0.679,0.637,0.914,13492,0.702,C,13490.0,20231126
20231125,LLM_VIT,TSS,"13493,13494",0.476,0.409,0.585,0.407,0.561,0.487,0.464,0.584,0.511,0.611,13494,0.509,N,13494.0,20231126
20231126,LLM_VIT,TSS,"13489,13499",0.454,0.396,0.478,0.435,0.454,0.495,0.425,0.481,0.444,0.512,13499,0.457,C,13489.0,20231127
20231126,LLM_VIT,TSS,"13490,13491,13492,13495,13497,13502",0.472,0.402,0.541,0.462,0.665,0.491,0.525,0.368,0.457,0.748,13492,0.513,C,13490.0,20231127
20231126,LLM_VIT,TSS,"13493,13494",0.375,0.304,0.411,0.32,0.439,0.348,0.37,0.419,0.396,0.451,13494,0.383,N,13494.0,20231127
20231127,LLM_VIT,TSS,"13489,13499",0.535,0.487,0.666,0.517,0.571,0.64,0.52,0.673,0.558,0.661,13499,0.582,C,13499.0,20231128
20231127,LLM_VIT,TSS,"13490,13491,13492,13495,13497,13502",0.471,0.41,0.549,0.489,0.673,0.516,0.582,0.409,0.494,0.788,13492,0.538,C,13502.0,20231128
20231127,LLM_VIT,TSS,"13493,13494",0.365,0.295,0.373,0.318,0.404,0.331,0.344,0.381,0.38,0.405,13494,0.359,N,13494.0,20231128
20231128,LLM_VIT,TSS,"13489,13499",0.46,0.403,0.571,0.444,0.479,0.559,0.441,0.623,0.485,0.524,13499,0.498,C,13499.0,20231129
20231128,LLM_VIT,TSS,"13490,13491,13492,13495,13497,13502",0.545,0.526,0.685,0.595,0.732,0.67,0.683,0.566,0.584,0.875,13502,0.646,C,13502.0,20231129
20231128,LLM_VIT,TSS,"13493,13494",0.397,0.333,0.384,0.344,0.402,0.371,0.343,0.415,0.392,0.423,13494,0.38,N,13494.0,20231129
20231129,LLM_VIT,TSS,"13490,13491,13492,13495,13497,13502",0.567,0.587,0.735,0.651,0.739,0.746,0.731,0.664,0.613,0.903,13502,0.693,C,13502.0,20231130
20231129,LLM_VIT,TSS,"13493,13494",0.439,0.373,0.464,0.391,0.436,0.445,0.38,0.499,0.441,0.438,13494,0.43,C,13493.0,20231130
20231130,LLM_VIT,TSS,"13505,13508",0.431,0.392,0.397,0.389,0.405,0.395,0.349,0.45,0.421,0.395,13505,0.402,N,13508.0,20231201
20231201,LLM_VIT,TSS,"13505,13508",0.454,0.416,0.416,0.403,0.429,0.401,0.373,0.464,0.435,0.438,13505,0.422,N,13508.0,20231202
20231202,LLM_VIT,TSS,"13505,13508",0.436,0.389,0.381,0.381,0.4,0.381,0.361,0.424,0.407,0.427,13508,0.398,N,13508.0,20231203
20231203,LLM_VIT,TSS,"13505,13508",0.428,0.391,0.388,0.394,0.417,0.393,0.38,0.419,0.411,0.464,13508,0.408,C,13508.0,20231204
20231205,LLM_VIT,TSS,"13505,13508,13510,13511",0.608,0.585,0.719,0.543,0.687,0.628,0.612,0.678,0.613,0.821,13510,0.649,N,13511.0,20231206
20231206,LLM_VIT,TSS,"13505,13508,13510,13511",0.464,0.429,0.472,0.433,0.513,0.46,0.44,0.409,0.428,0.631,13510,0.467,C,13511.0,20231207
20231207,LLM_VIT,TSS,"13505,13508,13510,13511",0.53,0.496,0.609,0.492,0.603,0.565,0.537,0.572,0.528,0.733,13510,0.566,M,13511.0,20231208
20231208,LLM_VIT,TSS,"13505,13508,13510,13511",0.597,0.57,0.715,0.584,0.643,0.676,0.598,0.646,0.595,0.779,13508,0.64,M,13511.0,20231209
20231210,LLM_VIT,TSS,"13515,13516",0.435,0.369,0.497,0.398,0.428,0.473,0.382,0.546,0.449,0.42,13515,0.439,C,13516.0,20231211
20231211,LLM_VIT,TSS,"13515,13516",0.384,0.317,0.393,0.351,0.369,0.398,0.331,0.446,0.386,0.35,13516,0.372,N,13516.0,20231212
20231212,LLM_VIT,TSS,"13513,13514,13517",0.468,0.407,0.465,0.407,0.455,0.443,0.405,0.476,0.449,0.524,13513,0.449,C,13514.0,20231213
20231212,LLM_VIT,TSS,"13515,13516",0.247,0.176,0.206,0.221,0.242,0.239,0.224,0.248,0.24,0.206,13516,0.224,N,13516.0,20231213
20231213,LLM_VIT,TSS,"13513,13514,13517",0.89,0.874,0.989,0.812,0.956,0.936,0.896,0.973,0.93,0.983,13517,0.923,X,13514.0,20231214
20231213,LLM_VIT,TSS,"13515,13516",0.272,0.202,0.219,0.233,0.24,0.255,0.221,0.274,0.257,0.204,13515,0.237,N,13516.0,20231214
20231214,LLM_VIT,TSS,"13513,13514,13517,13520",0.992,0.991,0.999,0.974,0.999,0.998,0.995,0.999,0.998,0.999,13514,0.994,M,13514.0,20231215
20231214,LLM_VIT,TSS,"13515,13516",0.264,0.183,0.218,0.224,0.236,0.246,0.216,0.259,0.248,0.182,13516,0.227,N,13516.0,20231215
20231215,LLM_VIT,TSS,"13515,13516",0.258,0.182,0.217,0.223,0.242,0.241,0.21,0.259,0.253,0.172,13515,0.225,N,13516.0,20231216
20231216,LLM_VIT,TSS,"13515,13516",0.23,0.153,0.194,0.205,0.222,0.22,0.198,0.238,0.227,0.166,13516,0.205,N,13516.0,20231217
20231217,LLM_VIT,TSS,"13515,13516",0.201,0.133,0.176,0.18,0.202,0.198,0.189,0.208,0.198,0.148,13516,0.183,N,13516.0,20231218
20231218,LLM_VIT,TSS,"13521,13526",0.499,0.445,0.676,0.478,0.545,0.593,0.504,0.652,0.548,0.618,13521,0.555,C,13521.0,20231219
20231218,LLM_VIT,TSS,"13523,13524",0.401,0.328,0.481,0.381,0.418,0.459,0.384,0.521,0.436,0.432,13524,0.424,C,13523.0,20231219
20231219,LLM_VIT,TSS,"13521,13523,13524,13526",0.697,0.652,0.909,0.664,0.817,0.816,0.758,0.874,0.773,0.901,13521,0.786,C,13521.0,20231220
20231220,LLM_VIT,TSS,"13518,13528",0.413,0.374,0.323,0.372,0.372,0.348,0.354,0.39,0.39,0.428,13528,0.376,C,13528.0,20231221
20231220,LLM_VIT,TSS,"13521,13523,13524,13526",0.772,0.754,0.952,0.754,0.913,0.877,0.862,0.915,0.858,0.97,13526,0.862,C,13521.0,20231221
20231221,LLM_VIT,TSS,"13518,13528",0.472,0.435,0.471,0.42,0.474,0.453,0.428,0.508,0.464,0.558,13528,0.468,C,13528.0,20231222
20231221,LLM_VIT,TSS,"13521,13523,13524,13526",0.739,0.69,0.933,0.693,0.905,0.825,0.82,0.864,0.815,0.958,13524,0.824,C,13526.0,20231222
20231222,LLM_VIT,TSS,"13518,13528",0.656,0.621,0.822,0.572,0.723,0.69,0.62,0.795,0.689,0.807,13528,0.699,N,13528.0,20231223
20231222,LLM_VIT,TSS,"13521,13523,13524,13526",0.674,0.608,0.864,0.612,0.868,0.74,0.757,0.786,0.74,0.926,13521,0.757,N,13526.0,20231223
20231223,LLM_VIT,TSS,"13518,13528",0.741,0.718,0.915,0.64,0.825,0.801,0.735,0.908,0.79,0.878,13528,0.795,C,13528.0,20231224
20231223,LLM_VIT,TSS,"13521,13523,13524,13526",0.482,0.421,0.496,0.465,0.647,0.508,0.562,0.473,0.494,0.743,13526,0.529,N,13526.0,20231224
20231224,LLM_VIT,TSS,"13521,13523,13524,13526,13530",0.391,0.338,0.306,0.442,0.466,0.422,0.455,0.259,0.356,0.595,13526,0.403,C,13530.0,20231225
20231228,LLM_VIT,TSS,"13521,13523,13524,13526,13530",0.687,0.679,0.882,0.688,0.766,0.831,0.727,0.89,0.755,0.873,13530,0.777,C,13530.0,20231229
20240103,LLM_VIT,TSS,"13536,13537",0.9,0.896,0.994,0.856,0.973,0.968,0.945,0.991,0.952,0.992,13536,0.946,M,13536.0,20240104
20240104,LLM_VIT,TSS,"13536,13537",0.881,0.863,0.99,0.825,0.966,0.947,0.925,0.981,0.937,0.99,13537,0.93,C,13536.0,20240105
20240107,LLM_VIT,TSS,"13536,13537,13539,13542",0.657,0.599,0.802,0.56,0.81,0.679,0.71,0.782,0.717,0.88,13537,0.719,C,13539.0,20240108
20240108,LLM_VIT,TSS,"13536,13537,13539,13542",0.462,0.399,0.38,0.441,0.507,0.452,0.447,0.344,0.41,0.616,13537,0.445,C,13536.0,20240109
20240108,LLM_VIT,TSS,"13540,13541",0.523,0.505,0.581,0.517,0.55,0.588,0.532,0.579,0.512,0.682,13540,0.556,C,13541.0,20240109
20240109,LLM_VIT,TSS,"13536,13537,13539,13542",0.519,0.47,0.582,0.518,0.6,0.581,0.551,0.52,0.519,0.746,13536,0.56,C,13536.0,20240110
20240109,LLM_VIT,TSS,"13540,13541",0.439,0.391,0.397,0.423,0.442,0.439,0.42,0.404,0.408,0.579,13541,0.434,N,13541.0,20240110
20240111,LLM_VIT,TSS,"13540,13541",0.44,0.359,0.394,0.393,0.518,0.398,0.428,0.373,0.418,0.569,13541,0.429,C,13541.0,20240112
20240114,LLM_VIT,TSS,"13540,13541,13552",0.674,0.637,0.847,0.637,0.789,0.771,0.706,0.776,0.7,0.887,13540,0.742,C,13541.0,20240115
20240114,LLM_VIT,TSS,"13544,13547",0.201,0.131,0.17,0.18,0.204,0.186,0.188,0.21,0.203,0.153,13547,0.182,N,13547.0,20240115
20240119,LLM_VIT,TSS,"13553,13554",0.384,0.308,0.34,0.324,0.376,0.347,0.332,0.418,0.389,0.35,13554,0.356,N,13554.0,20240120
20240208,LLM_VIT,TSS,"13576,13578",0.965,0.97,0.999,0.938,0.995,0.991,0.983,0.996,0.979,0.999,13576,0.981,M,13576.0,20240209
20240209,LLM_VIT,TSS,"13576,13578,13579",0.938,0.928,0.996,0.884,0.988,0.972,0.95,0.98,0.949,0.997,13576,0.958,M,13576.0,20240210
20240210,LLM_VIT,TSS,"13576,13578,13579",0.944,0.932,0.997,0.875,0.992,0.974,0.958,0.987,0.957,0.998,13579,0.961,C,13576.0,20240211
20240211,LLM_VIT,TSS,"13576,13578,13579",0.761,0.735,0.915,0.675,0.923,0.826,0.802,0.824,0.755,0.967,13579,0.818,M,13576.0,20240212
20240212,LLM_VIT,TSS,"13576,13578,13579",0.722,0.7,0.89,0.671,0.883,0.809,0.763,0.756,0.707,0.95,13576,0.785,C,13576.0,20240213
20240213,LLM_VIT,TSS,"13576,13578,13579",0.931,0.93,0.997,0.896,0.987,0.981,0.958,0.987,0.956,0.997,13576,0.962,M,13576.0,20240214
20240218,LLM_VIT,TSS,"13585,13586",0.468,0.41,0.556,0.419,0.532,0.496,0.425,0.551,0.476,0.533,13586,0.486,N,13586.0,20240219
20240219,LLM_VIT,TSS,"13585,13586",0.447,0.387,0.519,0.408,0.515,0.48,0.438,0.525,0.465,0.521,13586,0.47,N,13586.0,20240220
20240220,LLM_VIT,TSS,"13585,13586",0.383,0.329,0.383,0.361,0.412,0.398,0.368,0.394,0.376,0.414,13586,0.381,N,13586.0,20240221
20240221,LLM_VIT,TSS,"13585,13586",0.427,0.377,0.462,0.404,0.454,0.477,0.391,0.481,0.416,0.473,13586,0.436,N,13586.0,20240222
20240222,LLM_VIT,TSS,"13585,13586",0.437,0.39,0.504,0.421,0.462,0.506,0.405,0.533,0.442,0.481,13586,0.458,N,13586.0,20240223
20240223,LLM_VIT,TSS,"13585,13586",0.441,0.385,0.513,0.415,0.45,0.497,0.389,0.555,0.451,0.44,13586,0.453,N,13586.0,20240224
20240224,LLM_VIT,TSS,"13585,13586",0.463,0.408,0.506,0.415,0.435,0.485,0.373,0.556,0.461,0.401,13586,0.45,N,13586.0,20240225
20240229,LLM_VIT,TSS,"13594,13597",0.297,0.217,0.241,0.252,0.263,0.269,0.239,0.299,0.288,0.209,13594,0.257,N,13597.0,20240301
20240301,LLM_VIT,TSS,"13592,13598",0.436,0.377,0.366,0.388,0.402,0.393,0.366,0.403,0.409,0.451,13592,0.399,C,13598.0,20240302
20240301,LLM_VIT,TSS,"13594,13597",0.249,0.167,0.213,0.216,0.235,0.239,0.207,0.261,0.246,0.18,13594,0.221,N,13597.0,20240302
20240302,LLM_VIT,TSS,"13592,13598",0.476,0.426,0.462,0.438,0.454,0.478,0.426,0.488,0.458,0.553,13598,0.465,C,13592.0,20240303
20240303,LLM_VIT,TSS,"13592,13598",0.472,0.428,0.51,0.459,0.461,0.519,0.433,0.522,0.467,0.53,13598,0.48,C,13598.0,20240304
20240304,LLM_VIT,TSS,"13592,13598",0.46,0.416,0.556,0.457,0.473,0.55,0.448,0.577,0.475,0.544,13592,0.495,C,13598.0,20240305
20240304,LLM_VIT,TSS,"13596,13601",0.375,0.288,0.401,0.317,0.359,0.374,0.307,0.459,0.389,0.313,13596,0.358,N,13601.0,20240305
20240304,LLM_VIT,TSS,"13599,13600",0.496,0.458,0.595,0.492,0.529,0.582,0.502,0.607,0.511,0.612,13599,0.538,C,13599.0,20240305
20240305,LLM_VIT,TSS,"13596,13601",0.35,0.259,0.38,0.298,0.338,0.358,0.297,0.442,0.363,0.296,13601,0.338,N,13601.0,20240306
20240305,LLM_VIT,TSS,"13599,13600",0.625,0.58,0.801,0.594,0.712,0.713,0.635,0.754,0.661,0.81,13599,0.688,C,13599.0,20240306
20240306,LLM_VIT,TSS,"13599,13600",0.639,0.584,0.794,0.577,0.754,0.699,0.644,0.747,0.661,0.832,13600,0.693,C,13599.0,20240307
20240307,LLM_VIT,TSS,"13599,13600",0.718,0.656,0.883,0.628,0.848,0.757,0.742,0.838,0.769,0.91,13599,0.774,M,13599.0,20240308
20240309,LLM_VIT,TSS,"13599,13600,13605",0.687,0.598,0.851,0.596,0.843,0.71,0.71,0.77,0.738,0.893,13600,0.739,M,13599.0,20240310
20240310,LLM_VIT,TSS,"13599,13600,13605",0.637,0.561,0.792,0.578,0.781,0.688,0.669,0.696,0.668,0.861,13600,0.693,C,13599.0,20240311
20240311,LLM_VIT,TSS,"13599,13600,13605",0.776,0.748,0.949,0.733,0.9,0.878,0.827,0.907,0.827,0.959,13600,0.85,C,13599.0,20240312
20240313,LLM_VIT,TSS,"13599,13600,13605",0.804,0.817,0.973,0.775,0.923,0.928,0.889,0.97,0.88,0.973,13605,0.893,M,13599.0,20240314
20240326,LLM_VIT,TSS,"13615,13623",0.904,0.923,0.991,0.888,0.966,0.967,0.929,0.953,0.901,0.995,13615,0.941,M,13615.0,20240327
20240327,LLM_VIT,TSS,"13615,13623",0.899,0.942,0.992,0.907,0.965,0.978,0.949,0.956,0.896,0.997,13615,0.948,X,13615.0,20240328
20240415,LLM_VIT,TSS,"13637,13638",0.657,0.721,0.872,0.756,0.789,0.873,0.822,0.836,0.709,0.941,13637,0.797,C,13637.0,20240416
20240416,LLM_VIT,TSS,"13635,13642",0.317,0.237,0.301,0.279,0.312,0.311,0.273,0.36,0.316,0.275,13635,0.298,N,13642.0,20240417
20240416,LLM_VIT,TSS,"13637,13638,13643",0.609,0.665,0.763,0.726,0.745,0.808,0.782,0.671,0.623,0.933,13637,0.732,C,13638.0,20240417
20240416,LLM_VIT,TSS,"13639,13640",0.732,0.758,0.924,0.767,0.844,0.885,0.817,0.866,0.768,0.953,13639,0.831,C,13639.0,20240417
20240417,LLM_VIT,TSS,"13635,13642",0.343,0.257,0.361,0.298,0.335,0.354,0.302,0.413,0.354,0.308,13635,0.332,N,13642.0,20240418
20240417,LLM_VIT,TSS,"13637,13638,13643",0.617,0.65,0.688,0.7,0.739,0.748,0.739,0.512,0.584,0.932,13643,0.69,M,13638.0,20240418
20240417,LLM_VIT,TSS,"13639,13640",0.711,0.716,0.903,0.718,0.86,0.847,0.808,0.863,0.763,0.949,13639,0.813,N,13640.0,20240418
20240418,LLM_VIT,TSS,"13635,13642",0.384,0.313,0.453,0.335,0.375,0.425,0.33,0.488,0.399,0.351,13635,0.385,C,13642.0,20240419
20240418,LLM_VIT,TSS,"13637,13638,13643,13645",0.666,0.657,0.755,0.689,0.809,0.736,0.726,0.49,0.607,0.951,13637,0.708,C,13638.0,20240419
20240418,LLM_VIT,TSS,"13639,13640",0.662,0.624,0.846,0.647,0.823,0.766,0.732,0.773,0.703,0.911,13639,0.748,C,13639.0,20240419
20240419,LLM_VIT,TSS,"13637,13638,13643,13645,13647",0.782,0.775,0.903,0.745,0.918,0.844,0.839,0.744,0.755,0.982,13637,0.828,C,13638.0,20240420
20240419,LLM_VIT,TSS,"13639,13640",0.683,0.654,0.856,0.645,0.844,0.773,0.765,0.818,0.735,0.926,13639,0.769,C,13639.0,20240420
20240419,LLM_VIT,TSS,"13644,13646,13648",0.483,0.434,0.568,0.458,0.493,0.524,0.443,0.567,0.501,0.561,13644,0.503,N,13648.0,20240420
20240421,LLM_VIT,TSS,"13637,13638,13643,13645,13647,13650",0.783,0.775,0.91,0.77,0.918,0.866,0.844,0.733,0.744,0.985,13637,0.832,M,13645.0,20240422
20240421,LLM_VIT,TSS,"13639,13640,13649",0.55,0.545,0.619,0.584,0.665,0.668,0.627,0.555,0.525,0.828,13639,0.616,N,13649.0,20240422
20240421,LLM_VIT,TSS,"13644,13646,13648,13651",0.439,0.388,0.445,0.396,0.461,0.429,0.413,0.488,0.448,0.477,13648,0.438,N,13651.0,20240422
20240422,LLM_VIT,TSS,"13637,13638,13643,13645,13647,13650",0.877,0.903,0.979,0.884,0.966,0.96,0.945,0.917,0.882,0.997,13643,0.931,M,13638.0,20240423
20240422,LLM_VIT,TSS,"13644,13646,13648,13651",0.48,0.436,0.446,0.435,0.467,0.452,0.425,0.456,0.454,0.568,13646,0.461,C,13646.0,20240423
20240423,LLM_VIT,TSS,"13644,13646,13648,13651",0.754,0.717,0.921,0.67,0.843,0.802,0.755,0.882,0.803,0.929,13648,0.807,C,13648.0,20240424
20240423,LLM_VIT,TSS,"13654,13656",0.812,0.786,0.964,0.721,0.896,0.888,0.838,0.962,0.875,0.95,13656,0.869,C,13654.0,20240424
20240424,LLM_VIT,TSS,"13637,13638,13643,13645,13647,13650",0.953,0.976,0.999,0.967,0.995,0.996,0.992,0.997,0.979,0.999,13650,0.985,M,13638.0,20240425
20240424,LLM_VIT,TSS,"13644,13646,13648,13651",0.597,0.574,0.722,0.555,0.671,0.653,0.626,0.704,0.624,0.798,13646,0.652,M,13648.0,20240425
20240424,LLM_VIT,TSS,"13654,13656",0.686,0.644,0.856,0.595,0.773,0.742,0.682,0.847,0.729,0.845,13654,0.739,C,13654.0,20240425
20240425,LLM_VIT,TSS,"13644,13646,13648,13651",0.523,0.509,0.605,0.529,0.557,0.612,0.549,0.577,0.52,0.708,13646,0.568,C,13648.0,20240426
20240425,LLM_VIT,TSS,"13654,13656",0.42,0.373,0.363,0.374,0.428,0.388,0.385,0.403,0.393,0.506,13656,0.403,C,13654.0,20240426
20240427,LLM_VIT,TSS,"13654,13656",0.843,0.807,0.975,0.735,0.926,0.875,0.837,0.953,0.895,0.964,13654,0.881,C,13654.0,20240428
20240429,LLM_VIT,TSS,"13654,13656",0.969,0.969,0.999,0.923,0.995,0.991,0.981,0.998,0.988,0.998,13654,0.981,M,13654.0,20240430
20240502,LLM_VIT,TSS,"13661,13663",0.91,0.889,0.993,0.809,0.97,0.944,0.923,0.989,0.955,0.986,13663,0.936,X,13663.0,20240503
20240503,LLM_VIT,TSS,"13661,13663",0.997,0.997,0.999,0.987,0.999,0.999,0.998,0.999,0.999,0.999,13663,0.997,M,13663.0,20240504
20240506,LLM_VIT,TSS,"13661,13663",0.952,0.961,0.998,0.91,0.987,0.984,0.973,0.995,0.975,0.998,13661,0.973,M,13663.0,20240507
20240507,LLM_VIT,TSS,"13661,13663",0.805,0.829,0.969,0.8,0.889,0.914,0.853,0.913,0.844,0.972,13661,0.878,X,13663.0,20240508
20240507,LLM_VIT,TSS,"13664,13668",0.998,0.998,0.999,0.991,0.999,0.999,0.998,0.999,0.999,0.999,13664,0.997,X,13664.0,20240508
20240507,LLM_VIT,TSS,"13665,13669",0.201,0.136,0.148,0.171,0.188,0.179,0.168,0.187,0.185,0.131,13669,0.169,N,13669.0,20240508
20240510,LLM_VIT,TSS,"13664,13668",0.999,0.999,1.0,0.999,1.0,1.0,0.999,1.0,1.0,1.0,13664,0.999,X,13664.0,20240511
20240512,LLM_VIT,TSS,"13670,13671",0.406,0.33,0.366,0.356,0.388,0.382,0.341,0.407,0.392,0.396,13671,0.376,N,13671.0,20240513
20240513,LLM_VIT,TSS,"13670,13671",0.452,0.383,0.452,0.404,0.445,0.445,0.416,0.484,0.455,0.495,13670,0.443,N,13671.0,20240514
20240513,LLM_VIT,TSS,"13673,13674",0.504,0.501,0.587,0.574,0.639,0.644,0.624,0.539,0.512,0.801,13673,0.592,N,13674.0,20240514
20240514,LLM_VIT,TSS,"13670,13671",0.463,0.418,0.466,0.441,0.447,0.487,0.433,0.477,0.456,0.528,13670,0.461,M,13671.0,20240515
20240514,LLM_VIT,TSS,"13673,13674,13676,13679",0.511,0.512,0.544,0.586,0.655,0.622,0.622,0.421,0.486,0.815,13673,0.577,C,13679.0,20240515
20240515,LLM_VIT,TSS,"13670,13671",0.529,0.476,0.656,0.512,0.56,0.606,0.525,0.638,0.557,0.657,13671,0.571,N,13671.0,20240516
20240515,LLM_VIT,TSS,"13673,13674,13676,13679",0.527,0.507,0.559,0.572,0.719,0.586,0.622,0.332,0.477,0.874,13679,0.577,C,13679.0,20240516
20240516,LLM_VIT,TSS,"13680,13682",0.359,0.318,0.341,0.431,0.475,0.444,0.459,0.31,0.349,0.6,13682,0.408,N,13682.0,20240517
20240517,LLM_VIT,TSS,"13673,13674,13676,13679,13683",0.596,0.573,0.693,0.592,0.817,0.67,0.695,0.469,0.565,0.928,13673,0.659,C,13679.0,20240518
20240517,LLM_VIT,TSS,"13680,13682",0.291,0.238,0.197,0.334,0.382,0.305,0.354,0.189,0.27,0.43,13682,0.299,N,13682.0,20240518
20240518,LLM_VIT,TSS,"13673,13674,13676,13679,13683",0.589,0.594,0.737,0.651,0.808,0.726,0.746,0.534,0.602,0.942,13674,0.692,C,13683.0,20240519
20240518,LLM_VIT,TSS,"13680,13682",0.302,0.217,0.217,0.315,0.379,0.284,0.316,0.177,0.269,0.384,13682,0.286,N,13682.0,20240519
20240518,LLM_VIT,TSS,"13685,13686",0.714,0.769,0.915,0.732,0.836,0.877,0.777,0.853,0.71,0.94,13685,0.812,M,13685.0,20240519
20240519,LLM_VIT,TSS,"13673,13674,13676,13679,13683",0.707,0.739,0.9,0.771,0.876,0.871,0.852,0.787,0.746,0.976,13674,0.822,C,13683.0,20240520
20240519,LLM_VIT,TSS,"13685,13686",0.837,0.854,0.974,0.805,0.929,0.934,0.846,0.936,0.825,0.976,13686,0.891,C,13686.0,20240520
20240520,LLM_VIT,TSS,"13673,13674,13676,13679,13683",0.747,0.79,0.945,0.815,0.888,0.915,0.88,0.881,0.806,0.981,13674,0.864,M,13679.0,20240521
20240520,LLM_VIT,TSS,"13685,13686",0.717,0.769,0.892,0.683,0.852,0.846,0.769,0.836,0.68,0.946,13685,0.798,C,13685.0,20240521
20240521,LLM_VIT,TSS,"13680,13682,13687",0.489,0.372,0.734,0.437,0.687,0.605,0.598,0.719,0.57,0.77,13682,0.598,N,13687.0,20240522
20240521,LLM_VIT,TSS,"13685,13686",0.513,0.52,0.591,0.508,0.64,0.574,0.526,0.443,0.442,0.798,13686,0.555,C,13685.0,20240522
20240522,LLM_VIT,TSS,"13673,13674,13676,13679,13683",0.929,0.941,0.997,0.901,0.983,0.984,0.952,0.991,0.948,0.996,13679,0.962,M,13679.0,20240523
20240522,LLM_VIT,TSS,"13685,13686,13688",0.515,0.516,0.573,0.488,0.637,0.543,0.506,0.408,0.437,0.78,13685,0.54,C,13685.0,20240523
20240523,LLM_VIT,TSS,"13678,13680,13682,13687",0.467,0.405,0.637,0.456,0.529,0.585,0.486,0.677,0.53,0.584,13687,0.535,N,13687.0,20240524
20240523,LLM_VIT,TSS,"13685,13686,13688",0.59,0.574,0.704,0.54,0.721,0.621,0.582,0.539,0.537,0.85,13685,0.625,M,13685.0,20240524
20240524,LLM_VIT,TSS,"13685,13686,13688",0.577,0.57,0.692,0.552,0.695,0.643,0.586,0.555,0.541,0.847,13686,0.625,C,13686.0,20240525
20240525,LLM_VIT,TSS,"13685,13686,13688",0.596,0.61,0.756,0.595,0.723,0.718,0.652,0.671,0.598,0.852,13686,0.677,N,13688.0,20240526
20240527,LLM_VIT,TSS,"13689,13692",0.35,0.279,0.276,0.296,0.306,0.297,0.283,0.341,0.333,0.318,13692,0.307,N,13692.0,20240528
20240527,LLM_VIT,TSS,"13690,13691,13695",0.448,0.419,0.532,0.41,0.45,0.507,0.452,0.442,0.416,0.593,13690,0.466,C,13691.0,20240528
20240528,LLM_VIT,TSS,"13689,13692",0.33,0.254,0.269,0.281,0.292,0.303,0.262,0.345,0.316,0.256,13692,0.29,C,13692.0,20240529
20240528,LLM_VIT,TSS,"13690,13691,13695",0.644,0.694,0.81,0.698,0.771,0.803,0.741,0.688,0.629,0.924,13691,0.74,M,13691.0,20240529
20240530,LLM_VIT,TSS,"13689,13692",0.259,0.189,0.239,0.225,0.236,0.259,0.224,0.274,0.246,0.199,13692,0.234,N,13692.0,20240531
20240530,LLM_VIT,TSS,"13690,13691,13695",0.524,0.498,0.54,0.546,0.628,0.578,0.552,0.399,0.462,0.79,13691,0.551,C,13691.0,20240531
20240531,LLM_VIT,TSS,"13690,13691,13695",0.596,0.572,0.683,0.578,0.728,0.664,0.651,0.592,0.579,0.865,13691,0.65,C,13691.0,20240601
20240601,LLM_VIT,TSS,"13690,13691,13695",0.71,0.678,0.872,0.671,0.849,0.801,0.767,0.806,0.73,0.937,13691,0.782,N,13695.0,20240602
